{"cameraMode":{"drawMode":0,"name":"Shaded","section":"Shading Mode"},"sceneLighting":false,"audioPlay":false,"sceneViewState":{"showFog":true,"showMaterialUpdate":false,"showSkybox":false,"showFlares":true,"showImageEffects":true,"showParticleSystems":true},"in2DMode":false,"pivot":{"x":-0.01413583755493164,"y":0.7645001411437988,"z":-0.12322330474853516},"rotation":{"x":-0.35158923268318179,"y":-0.06956105679273606,"z":0.02620760351419449,"w":-0.9332000613212586},"size":9.675422668457032,"orthographic":false}